# Host: localhost  (Version: 5.5.40)
# Date: 2017-05-12 00:23:53
# Generator: MySQL-Front 5.3  (Build 4.120)

/*!40101 SET NAMES utf8 */;

#
# Structure for table "cms_admin"
#

CREATE TABLE `cms_admin` (
  `admin_id` mediumint(6) unsigned NOT NULL AUTO_INCREMENT,
  `username` varchar(20) NOT NULL DEFAULT '',
  `password` varchar(32) NOT NULL DEFAULT '',
  `lastloginip` varchar(15) DEFAULT '0',
  `lastlogintime` int(10) unsigned DEFAULT '0',
  `email` varchar(40) DEFAULT '',
  `realname` varchar(50) NOT NULL DEFAULT '',
  `status` tinyint(1) NOT NULL DEFAULT '1',
  PRIMARY KEY (`admin_id`),
  KEY `username` (`username`)
) ENGINE=MyISAM AUTO_INCREMENT=10 DEFAULT CHARSET=utf8;

#
# Data for table "cms_admin"
#

INSERT INTO `cms_admin` VALUES (8,'admin','9f24445952d45f7138a1b54eb74a2fdd','0',1494427031,'xyj510402535@qq.com','许英俊',1),(9,'hensen','08bd6182e70b8ef109d2c5050d5ecf80','0',1493622851,'','许潇洒',1);

#
# Structure for table "cms_menu"
#

CREATE TABLE `cms_menu` (
  `menu_id` smallint(6) unsigned NOT NULL AUTO_INCREMENT,
  `name` varchar(40) NOT NULL DEFAULT '',
  `parentid` smallint(6) NOT NULL DEFAULT '0',
  `m` varchar(20) NOT NULL DEFAULT '',
  `c` varchar(20) NOT NULL DEFAULT '',
  `f` varchar(20) NOT NULL DEFAULT '',
  `data` varchar(100) NOT NULL DEFAULT '',
  `listorder` smallint(6) unsigned NOT NULL DEFAULT '0',
  `status` tinyint(1) NOT NULL DEFAULT '1',
  `type` tinyint(1) unsigned NOT NULL DEFAULT '0',
  PRIMARY KEY (`menu_id`),
  KEY `listorder` (`listorder`),
  KEY `parentid` (`parentid`),
  KEY `module` (`m`,`c`,`f`)
) ENGINE=MyISAM AUTO_INCREMENT=19 DEFAULT CHARSET=utf8;

#
# Data for table "cms_menu"
#

INSERT INTO `cms_menu` VALUES (1,'菜单管理',0,'admin','menu','index','',12,1,1),(3,'Android',0,'home','cat','index','',3,1,0),(6,'文章管理',0,'admin','content','index','',11,1,1),(8,'PHP',0,'home','cat','index','',0,1,0),(9,'推荐位管理',0,'admin','position','index','',4,1,1),(10,'推荐位内容管理',0,'admin','positioncontent','index','',2,1,1),(11,'基本管理',0,'admin','basic','index','',1,1,1),(12,'iOS',0,'home','cat','index','',0,1,0),(13,'用户管理',0,'admin','admin','index','',0,1,1),(18,'1232',0,'admin','index','index','',0,-1,0);

#
# Structure for table "cms_news"
#

CREATE TABLE `cms_news` (
  `news_id` mediumint(8) unsigned NOT NULL AUTO_INCREMENT,
  `catid` smallint(5) unsigned NOT NULL DEFAULT '0',
  `title` varchar(80) NOT NULL DEFAULT '',
  `small_title` varchar(30) NOT NULL DEFAULT '',
  `title_font_color` varchar(250) DEFAULT NULL COMMENT '标题颜色',
  `thumb` varchar(100) NOT NULL DEFAULT '',
  `keywords` char(40) NOT NULL DEFAULT '',
  `description` varchar(250) NOT NULL COMMENT '文章描述',
  `posids` varchar(250) NOT NULL DEFAULT '',
  `listorder` tinyint(3) unsigned NOT NULL DEFAULT '0',
  `status` tinyint(1) NOT NULL DEFAULT '1',
  `copyfrom` varchar(250) DEFAULT NULL COMMENT '来源',
  `username` char(20) NOT NULL,
  `create_time` int(10) unsigned NOT NULL DEFAULT '0',
  `update_time` int(10) unsigned NOT NULL DEFAULT '0',
  `count` int(10) unsigned NOT NULL DEFAULT '0',
  PRIMARY KEY (`news_id`),
  KEY `status` (`status`,`listorder`,`news_id`),
  KEY `listorder` (`catid`,`status`,`listorder`,`news_id`),
  KEY `catid` (`catid`,`status`,`news_id`)
) ENGINE=MyISAM AUTO_INCREMENT=28 DEFAULT CHARSET=utf8;

#
# Data for table "cms_news"
#

INSERT INTO `cms_news` VALUES (21,3,'谷歌公开其神秘操作系统 或将取代安卓','谷歌公开其神秘操作系统','#5674ed','/upload/2017/05/11/59133a1ebfcf5.jpg','谷歌','谷歌公开其神秘操作系统 或将取代安卓','',40,1,'1','admin',1457854896,0,456484),(22,8,'PHP开发的发展现状和前景','PHP开发的发展现状和前景','#ed568b','/upload/2017/05/10/59132ae91c95b.jpg','PHP开发的发展现状和前景','PHP开发的发展现状和前景','',30,1,'0','admin',1457855362,0,131243),(23,8,'适用于PHP初学者的学习线路和建议','适用于PHP初学者的学习线路和建议','#ed568b','/upload/2017/05/10/591329aba5120.jpg','适用于PHP初学者的学习线路和建议','适用于PHP初学者的学习线路和建议','',10,1,'0','admin',1457855680,0,453216),(24,12,'苹果iOS 11愿望大清单：增加暗黑模式如何？','苹果iOS 11愿望大清单','#5674ed','/upload/2017/05/11/591339b8341c6.jpg','暗黑模式','苹果iOS 11愿望大清单：增加暗黑模式如何？','',20,1,'0','admin',1457856460,0,456133);

#
# Structure for table "cms_news_content"
#

CREATE TABLE `cms_news_content` (
  `id` mediumint(8) unsigned NOT NULL AUTO_INCREMENT,
  `news_id` mediumint(8) unsigned NOT NULL,
  `content` mediumtext NOT NULL,
  `create_time` int(10) unsigned NOT NULL DEFAULT '0',
  `update_time` int(10) unsigned NOT NULL DEFAULT '0',
  PRIMARY KEY (`id`),
  KEY `news_id` (`news_id`)
) ENGINE=MyISAM AUTO_INCREMENT=18 DEFAULT CHARSET=utf8;

#
# Data for table "cms_news_content"
#

INSERT INTO `cms_news_content` VALUES (7,17,'&lt;p&gt;\r\n\tgsdggsgsgsgsg\r\n&lt;/p&gt;\r\n&lt;p&gt;\r\n\tsgsg\r\n&lt;/p&gt;\r\n&lt;p&gt;\r\n\tgsdgsg \r\n&lt;/p&gt;\r\n&lt;p style=&quot;text-align:center;&quot;&gt;\r\n\t       ggg\r\n&lt;/p&gt;',1455756856,0),(8,18,'&lt;p&gt;\r\n\t你好\r\n&lt;/p&gt;\r\n&lt;p&gt;\r\n\t我很好dsggfg\r\n&lt;/p&gt;\r\n&lt;p&gt;\r\n\t&lt;br /&gt;\r\n&lt;/p&gt;\r\n&lt;p&gt;\r\n\tgsgfgdfgd\r\n&lt;/p&gt;\r\n&lt;p&gt;\r\n\t&lt;br /&gt;\r\n&lt;/p&gt;\r\n&lt;p&gt;\r\n\t&lt;br /&gt;\r\n&lt;/p&gt;\r\n&lt;p&gt;\r\n\t&lt;br /&gt;\r\n&lt;/p&gt;\r\n&lt;p&gt;\r\n\tgggg\r\n&lt;/p&gt;',1455756999,0),(9,19,'111',1456673467,0),(10,20,'111',1456674909,0),(11,21,'<p>\r\n\t<span style=\"color:#333333;font-family:\'Microsoft Yahei\';font-size:16px;line-height:1.5;background-color:#FFFFFF;\">据英国《每日邮报》5月8日报道，谷歌正在开发一个单一操作系统，该系统或将取代安卓和用于上网本的Chrome OS系统。</span> \r\n</p>\r\n<p style=\"font-size:16px;font-family:\'Microsoft Yahei\';color:#333333;text-align:center;background-color:#FFFFFF;\">\r\n\t<img src=\"/upload/2017/05/11/59133b757c244.jpg\" alt=\"\" />\r\n</p>\r\n<p style=\"font-size:16px;font-family:\'Microsoft Yahei\';color:#333333;background-color:#FFFFFF;\">\r\n\t2016年9月，“Fuchsia”首次受到人们关注，但在当时它仅是一个命令行。Ars Technica(美国科技媒体网络)的评论编辑Ron Amadeo注意到该原型的最新版，他很肯定，谷歌对该操作系统采取的路线与以往不同。因为，之前的操作系统都建立在Linux系统之上，而新操作系统使用的是谷歌自己研发的微内核“Magenta”。\r\n</p>\r\n<p style=\"font-size:16px;font-family:\'Microsoft Yahei\';color:#333333;background-color:#FFFFFF;\">\r\n\t根据谷歌文件描述，新系统是为“配备高速处理器的现代手机和PC”专门设计的，这意味着它将会成为安卓和ChromeOS的竞争者。而且，安卓的问题在“Fuchsia”这里都得到了解决，因为它的设计更为简洁有序。\r\n</p>\r\n<p style=\"font-size:16px;font-family:\'Microsoft Yahei\';color:#333333;background-color:#FFFFFF;\">\r\n\t不同于侧重应用的安卓，“Fuchsia”的主页更大、更具个性化。用户头像位于中心，点开头像后，系统会给出例如亮度、音量以及其它一系列快捷设置。当用户下滑至主屏幕，他最近使用过的应用将会呈时间先后排列，这一点和安卓一样。从底部上滑将会激活另一个菜单，建议用户应该打开的应用和其它快捷方式。此外，“Fuchsia”可支持手机和平板电脑同时打开3个和4个应用。\r\n</p>\r\n<p>\r\n\t<br />\r\n</p>\r\n<p>\r\n\t<br />\r\n</p>',1457854896,0),(12,22,'<div class=\"article_review\" style=\"margin:0px auto;border:1px dashed #DDDDDD;padding:12px;color:#666666;font-family:\'Microsoft YaHei\', SimSun, \'Arial Narrow\';font-size:14px;background:#F6F6F6;\">\r\n\t摘要：在最近几年来川软学校的招聘单位中，我们可以看到企业对PHP使用更加广泛，与此同时对PHP相关的Web开发人才需求更是急速升温；分析中国不同行业的网站，我们可以看到国内...\r\n</div>\r\n<div class=\"article_content\" style=\"border:0px solid #DDDDDD;margin:10px auto 0px;color:#444444;font-size:14px;font-family:\'Microsoft YaHei\', SimSun, \'Arial Narrow\';\">\r\n\t转载请注明来源：<a href=\"http://www.php1.cn/Content/PHP_KaiFaDeFaZhanXianZhuangHeQianJing.html\">PHP开发的发展现状和前景</a><br />\r\n\t<p style=\"color:#3E3E3E;font-family:\'Helvetica Neue\', Helvetica, \'Hiragino Sans GB\', \'Microsoft YaHei\', Arial, sans-serif;font-size:16px;text-align:justify;background-color:#FFFFFF;\">\r\n\t\t<span style=\"font-size:14px;\"><span style=\"font-family:宋体;\">在最近几年来川软学校的招聘单位中，我们可以看到企业对</span>PHP<span style=\"font-family:宋体;\">使用更加广泛，与此同时对</span>PHP<span style=\"font-family:宋体;\">相关的</span>Web<span style=\"font-family:宋体;\">开发人才需求更是急速升温；分析中国不同行业的网站，我们可以看到国内，包括</span>Google<span style=\"font-family:宋体;\">、百度、网易、新浪、搜狐、阿里巴巴、奇虎、</span>eBay<span style=\"font-family:宋体;\">、腾讯、</span>Yahoo<span style=\"font-family:宋体;\">、金山等的各大网站都在寻求</span>PHP<span style=\"font-family:宋体;\">高手。</span>PHP<span style=\"font-family:宋体;\">其实已经从刚出道时的“草根”时代成为现在“巨人”中的成员，去年</span>PHP<span style=\"font-family:宋体;\">更是在计算机语言排行榜上位居榜首。现在如果做网站就用</span>PHP<span style=\"font-family:宋体;\">。</span></span> \r\n\t</p>\r\n\t<p style=\"color:#3E3E3E;font-family:\'Helvetica Neue\', Helvetica, \'Hiragino Sans GB\', \'Microsoft YaHei\', Arial, sans-serif;font-size:16px;text-align:justify;background-color:#FFFFFF;\">\r\n\t\t<span style=\"font-size:14px;\"><span style=\"font-family:宋体;\">今年各类企业发布招聘</span>PHP<span style=\"font-family:宋体;\">人才信息，对人才的需求量极大，但是因为国内</span>PHP<span style=\"font-family:宋体;\">人才贮备的不足、培训体系的不健全以及国内</span>Web<span style=\"font-family:宋体;\">开发人员对</span>PHP<span style=\"font-family:宋体;\">的价值认识不够，造成</span> PHP<span style=\"font-family:宋体;\">人才非常稀缺。</span> <span style=\"font-family:宋体;\">结合以上信息，成都川软教育与你一起来分析</span>PHP<span style=\"font-family:宋体;\">在中国的发展现状及就业前景。</span></span> \r\n\t</p>\r\n\t<p style=\"color:#3E3E3E;font-family:\'Helvetica Neue\', Helvetica, \'Hiragino Sans GB\', \'Microsoft YaHei\', Arial, sans-serif;font-size:16px;text-align:justify;background-color:#FFFFFF;\">\r\n\t\t<span style=\"font-size:14px;\"> </span> \r\n\t</p>\r\n\t<p style=\"color:#3E3E3E;font-family:\'Helvetica Neue\', Helvetica, \'Hiragino Sans GB\', \'Microsoft YaHei\', Arial, sans-serif;font-size:16px;text-align:justify;background-color:#FFFFFF;\">\r\n\t\t<span style=\"font-size:14px;\"> </span><span style=\"font-size:14px;line-height:1.6;\">PHP</span><span style=\"font-size:14px;line-height:1.6;font-family:宋体;\">的发展现状</span><span style=\"font-size:14px;line-height:1.6;\"> </span> \r\n\t</p>\r\n\t<p style=\"color:#3E3E3E;font-family:\'Helvetica Neue\', Helvetica, \'Hiragino Sans GB\', \'Microsoft YaHei\', Arial, sans-serif;font-size:16px;text-align:justify;background-color:#FFFFFF;\">\r\n\t\t<span style=\"font-size:14px;\"> </span> \r\n\t</p>\r\n\t<p style=\"color:#3E3E3E;font-family:\'Helvetica Neue\', Helvetica, \'Hiragino Sans GB\', \'Microsoft YaHei\', Arial, sans-serif;font-size:16px;text-align:justify;background-color:#FFFFFF;\">\r\n\t\t<span style=\"font-size:14px;\">1.<span style=\"font-family:宋体;\">全球</span>5000<span style=\"font-family:宋体;\">万互联网网站中，有</span>60%<span style=\"font-family:宋体;\">以上使用着</span>PHP<span style=\"font-family:宋体;\">技术；</span></span> \r\n\t</p>\r\n\t<p style=\"color:#3E3E3E;font-family:\'Helvetica Neue\', Helvetica, \'Hiragino Sans GB\', \'Microsoft YaHei\', Arial, sans-serif;font-size:16px;text-align:justify;background-color:#FFFFFF;\">\r\n\t\t<span style=\"font-size:14px;\">2. 2010<span style=\"font-family:宋体;\">年</span>PHP<span style=\"font-family:宋体;\">从业人数将增加</span>42%<span style=\"font-family:宋体;\">，远超</span>JAVA<span style=\"font-family:宋体;\">的</span>13%<span style=\"font-family:宋体;\">和</span>.NET<span style=\"font-family:宋体;\">的</span>24%<span style=\"font-family:宋体;\">；</span></span> \r\n\t</p>\r\n\t<p style=\"color:#3E3E3E;font-family:\'Helvetica Neue\', Helvetica, \'Hiragino Sans GB\', \'Microsoft YaHei\', Arial, sans-serif;font-size:16px;text-align:justify;background-color:#FFFFFF;\">\r\n\t\t<span style=\"font-size:14px;\">3. PHP<span style=\"font-family:宋体;\">是全球五大最受欢迎的编程语言之一，并且是唯一入选的脚本语言；</span></span> \r\n\t</p>\r\n\t<p style=\"color:#3E3E3E;font-family:\'Helvetica Neue\', Helvetica, \'Hiragino Sans GB\', \'Microsoft YaHei\', Arial, sans-serif;font-size:16px;text-align:justify;background-color:#FFFFFF;\">\r\n\t\t<span style=\"font-size:14px;\">4. <span style=\"font-family:宋体;\">国内</span>80%<span style=\"font-family:宋体;\">以上的动态网站使用</span>PHP<span style=\"font-family:宋体;\">开发；</span></span> \r\n\t</p>\r\n\t<p style=\"color:#3E3E3E;font-family:\'Helvetica Neue\', Helvetica, \'Hiragino Sans GB\', \'Microsoft YaHei\', Arial, sans-serif;font-size:16px;text-align:justify;background-color:#FFFFFF;\">\r\n\t\t<span style=\"font-size:14px;\">5. AlexaTOP500<span style=\"font-family:宋体;\">中国网站排名，有</span>394<span style=\"font-family:宋体;\">家使用了</span>PHP<span style=\"font-family:宋体;\">技术，比例为</span>78.8%<span style=\"font-family:宋体;\">。</span></span> \r\n\t</p>\r\n\t<p style=\"color:#3E3E3E;font-family:\'Helvetica Neue\', Helvetica, \'Hiragino Sans GB\', \'Microsoft YaHei\', Arial, sans-serif;font-size:16px;text-align:justify;background-color:#FFFFFF;\">\r\n\t\t<span style=\"font-size:14px;\"> </span> \r\n\t</p>\r\n\t<p style=\"color:#3E3E3E;font-family:\'Helvetica Neue\', Helvetica, \'Hiragino Sans GB\', \'Microsoft YaHei\', Arial, sans-serif;font-size:16px;text-align:justify;background-color:#FFFFFF;\">\r\n\t\t<span style=\"font-size:14px;\">PHP<span style=\"font-family:宋体;\">、</span>C++<span style=\"font-family:宋体;\">、</span>java<span style=\"font-family:宋体;\">这三种语言都是相当优秀的脚本语言，为什么</span>PHP<span style=\"font-family:宋体;\">能大行其道，位居榜首呢？从表面上来看，这是就业环境使然。越来越多的新公司或者新项目使用</span>PHP<span style=\"font-family:宋体;\">，这使得</span>PHP<span style=\"font-family:宋体;\">相关社区越来越活跃，而这又反过来影响到很多项目或公司的选择，形成一个良性的循环。就川软君目前了解到的情况，</span>PHP<span style=\"font-family:宋体;\">是国内大部分</span>web<span style=\"font-family:宋体;\">项目的首选，而且有很多公司从其它语言（如</span>ASP<span style=\"font-family:宋体;\">，</span>JAVA<span style=\"font-family:宋体;\">）转到了</span>PHP<span style=\"font-family:宋体;\">。合适的就是最好的，</span>PHP<span style=\"font-family:宋体;\">的快速，开发成本低，周期短，后期维护费用低，<a href=\"http://www.php1.cn/category/121.html\">开源</a>产品丰富，这些都是另外两种语言无法比拟的。</span></span> \r\n\t</p>\r\n\t<p style=\"color:#3E3E3E;font-family:\'Helvetica Neue\', Helvetica, \'Hiragino Sans GB\', \'Microsoft YaHei\', Arial, sans-serif;font-size:16px;text-align:justify;background-color:#FFFFFF;\">\r\n\t\t<span style=\"font-size:14px;\"> </span> \r\n\t</p>\r\n\t<p style=\"color:#3E3E3E;font-family:\'Helvetica Neue\', Helvetica, \'Hiragino Sans GB\', \'Microsoft YaHei\', Arial, sans-serif;font-size:16px;text-align:justify;background-color:#FFFFFF;\">\r\n\t\t<span style=\"font-size:14px;\"> </span><span style=\"font-size:14px;line-height:1.6;\">PHP</span><span style=\"font-size:14px;line-height:1.6;font-family:宋体;\">的发展前景</span> \r\n\t</p>\r\n\t<p style=\"color:#3E3E3E;font-family:\'Helvetica Neue\', Helvetica, \'Hiragino Sans GB\', \'Microsoft YaHei\', Arial, sans-serif;font-size:16px;text-align:justify;background-color:#FFFFFF;\">\r\n\t\t<span style=\"font-size:14px;\"> </span> \r\n\t</p>\r\n\t<p style=\"color:#3E3E3E;font-family:\'Helvetica Neue\', Helvetica, \'Hiragino Sans GB\', \'Microsoft YaHei\', Arial, sans-serif;font-size:16px;text-align:justify;background-color:#FFFFFF;\">\r\n\t\t<span style=\"font-size:14px;\"><span style=\"font-family:宋体;\">随着</span>Web2.0<span style=\"font-family:宋体;\">的升温互联网的发展迎来新一轮的热潮，由于互联网本身的快速发展、不断创新的特点，决定了只有以最快开发速度和最低成本，才能取胜，才能始终保持一个网站的领先性和吸引更多的网民。互联网的企业生存和竞争的核心在于技术，技术、研发人才永远是这些企业不可或缺的关键人物，只有拥有资深的人才和领先的技术，才能在最短的时间内创造出优秀的网络应用。</span></span> \r\n\t</p>\r\n\t<p style=\"color:#3E3E3E;font-family:\'Helvetica Neue\', Helvetica, \'Hiragino Sans GB\', \'Microsoft YaHei\', Arial, sans-serif;font-size:16px;text-align:justify;background-color:#FFFFFF;\">\r\n\t\t<span style=\"font-size:14px;\"> </span> \r\n\t</p>\r\n\t<p style=\"color:#3E3E3E;font-family:\'Helvetica Neue\', Helvetica, \'Hiragino Sans GB\', \'Microsoft YaHei\', Arial, sans-serif;font-size:16px;text-align:justify;background-color:#FFFFFF;\">\r\n\t\t<span style=\"font-size:14px;\">PHP<span style=\"font-family:宋体;\">技术和相关的人才，正是迎合目前的互联网的发展趋势，</span>PHP<span style=\"font-family:宋体;\">作为非常优秀的、简便的</span>Web<span style=\"font-family:宋体;\">开发语言，和</span>Linux<span style=\"font-family:宋体;\">，</span>Apache<span style=\"font-family:宋体;\">，</span>MySQL<span style=\"font-family:宋体;\">紧密结合，形成</span>LAMP<span style=\"font-family:宋体;\">的<a href=\"http://www.php1.cn/category/121.html\">开源</a>黄金组合，不仅降低使用成本，还提升了开发速度，满足最新的互动式网络开发的应用。</span> </span> \r\n\t</p>\r\n\t<p style=\"color:#3E3E3E;font-family:\'Helvetica Neue\', Helvetica, \'Hiragino Sans GB\', \'Microsoft YaHei\', Arial, sans-serif;font-size:16px;text-align:justify;background-color:#FFFFFF;\">\r\n\t\t<span style=\"font-size:14px;\"> </span> \r\n\t</p>\r\n\t<p style=\"color:#3E3E3E;font-family:\'Helvetica Neue\', Helvetica, \'Hiragino Sans GB\', \'Microsoft YaHei\', Arial, sans-serif;font-size:16px;text-align:justify;background-color:#FFFFFF;\">\r\n\t\t<span style=\"font-size:14px;\"><span style=\"font-family:宋体;\">在与其他同类编程语言的比较中，</span>PHP<span style=\"font-family:宋体;\">具有开发速度快、运行效率高、<a href=\"http://www.php1.cn/category/23.html\">安全</a>性好、可扩展性强、<a href=\"http://www.php1.cn/category/121.html\">开源</a>自由等特点；而回顾</span>PHP<span style=\"font-family:宋体;\">近</span>10<span style=\"font-family:宋体;\">年来的发展过程、展望未来互联网行业的发展趋势，我们可以得出结论：</span>PHP<span style=\"font-family:宋体;\">的发展势头不可阻挡，必将成为未来</span>WEB<span style=\"font-family:宋体;\">开发领域的主流技术体系。</span></span> \r\n\t</p>\r\n\t<p style=\"color:#3E3E3E;font-family:\'Helvetica Neue\', Helvetica, \'Hiragino Sans GB\', \'Microsoft YaHei\', Arial, sans-serif;font-size:16px;text-align:justify;background-color:#FFFFFF;\">\r\n\t\t<span style=\"font-size:14px;\"> </span> \r\n\t</p>\r\n\t<p style=\"color:#3E3E3E;font-family:\'Helvetica Neue\', Helvetica, \'Hiragino Sans GB\', \'Microsoft YaHei\', Arial, sans-serif;font-size:16px;text-align:justify;background-color:#FFFFFF;\">\r\n\t\t<span style=\"font-size:14px;\"><span style=\"font-family:宋体;\">因此，在</span>IT<span style=\"font-family:宋体;\">业和互联网的超速发展的时代，企业对</span>PHP<span style=\"font-family:宋体;\">程序员的需求也大量增加，</span>PHP<span style=\"font-family:宋体;\">程序员和招聘岗位的供求比例是</span>1<span style=\"font-family:宋体;\">：</span>40<span style=\"font-family:宋体;\">，很多公司半年都招不到一个合适的</span>PHP<span style=\"font-family:宋体;\">程序员。这个岗位是程序员中最火的，这种严重供不应求的局面在未来几年中也将愈演愈烈，成都川软</span>PHP<span style=\"font-family:宋体;\">培训学校，西南地区专业做</span>PHP<span style=\"font-family:宋体;\">培训，</span>PHP<span style=\"font-family:宋体;\">项目实训，</span>PHP<span style=\"font-family:宋体;\">研发培训的电脑培训学校，开设有</span>PHP<span style=\"font-family:宋体;\">开发白班，</span>PHP<span style=\"font-family:宋体;\">周末班，</span>PHP<span style=\"font-family:宋体;\">晚班等系列，欢迎您的加入！</span></span> \r\n\t</p>\r\n</div>\r\n<p>\r\n\t<br />\r\n</p>\r\n<p style=\"font-size:16px;font-family:\'Microsoft YaHei\', u5FAEu8F6Fu96C5u9ED1, Arial, SimSun, u5B8Bu4F53;\">\r\n\t<span style=\"font-family:\'Microsoft YaHei\', u5FAEu8F6Fu96C5u9ED1, Arial, SimSun, u5B8Bu4F53;font-size:16px;line-height:32px;\"></span> \r\n</p>',1457855362,0),(13,23,'<p>\r\n\t<span style=\"color:#666666;font-family:\'Microsoft Yahei\', 微软雅黑, SimSun, 宋体, \'Arial Narrow\', serif;font-size:14px;line-height:28px;background-color:#FFFFFF;\"> </span> \r\n</p>\r\n<div class=\"article_review\" style=\"margin:0px auto;border:1px dashed #DDDDDD;padding:12px;color:#666666;font-family:\'Microsoft YaHei\', SimSun, \'Arial Narrow\';font-size:14px;background:#F6F6F6;\">\r\n\t摘要：新手不要看到上面的概括就以为PHP学习是很简单的，编程是需要你认真的思考和不断的实践。下面具体解释一下PHP的学习线路。 首先，任何网站都是由网页组成的，也就是说想完成一个网站，必须先学会做网页，掌握静态网页的制作技术是学习开发网站的先决条件。因此我们要学习HTML，为今后制作网站打下基础。学习HTML应该边学边做，...\r\n</div>\r\n<div class=\"article_content\" style=\"border:0px solid #DDDDDD;margin:10px auto 0px;color:#444444;font-size:14px;font-family:\'Microsoft YaHei\', SimSun, \'Arial Narrow\';\">\r\n\t转载请注明来源：<a href=\"http://www.php1.cn/Content/ShiYongYu_PHP_ChuXueZheDeXueXiXianLuHeJianYi.html\">适用于PHP初学者的学习线路和建议</a><br />\r\n\t<p>\r\n\t\t<strong>(1) 熟悉HTML/CSS/JS等网页基本元素，完成阶段可自行制作简单的网页，对元素属性相对熟悉。</strong> \r\n\t</p>\r\n\t<p>\r\n\t\t<strong>(2) 理解动态语言的概念和运做机制，熟悉基本的PHP语法。</strong> \r\n\t</p>\r\n\t<p>\r\n\t\t<strong>(3) 学习如何将PHP与HTML结合起来，完成简单的动态页面。</strong> \r\n\t</p>\r\n\t<p>\r\n\t\t<strong>(4) 接触学习MySQL，开始设计<a href=\"http://database.php1.cn/\">数据库</a>。</strong> \r\n\t</p>\r\n\t<p>\r\n\t\t<strong>(5) 不断巩固PHP语法，熟悉大部分的PHP常用函数，理解面向对象编程，MySQL优化，以及一些模板和<a href=\"http://www.php1.cn/category/97.html\">框架</a>。</strong> \r\n\t</p>\r\n\t<p>\r\n\t\t<strong>(6) 最终完成一个功能齐全的动态站点。</strong> \r\n\t</p>\r\n\t<p>\r\n\t\t新手不要看到上面的概括就以为PHP学习是很简单的，编程是需要你认真的思考和不断的实践。下面具体解释一下PHP的学习线路。\r\n\t</p>\r\n\t<p>\r\n\t\t首先，任何网站都是由网页组成的，也就是说想完成一个网站，必须先学会做网页，掌握静态网页的制作技术是学习开发网站的先决条件。因此我们要学习HTML，为今后制作网站打下基础。学习HTML应该边学边做，HTML中的任何元素都要亲自实践，只有明白了什么元素会起到什么效果之后，才能深刻记忆，一味的看书是不行的。\r\n\t</p>\r\n\t<p>\r\n\t\t假设你已经可以完成一个静态页面了，那么就该开始了解动态语言，刚一接触动态语言，可能很多人都会有很多不解，代码不是作为直接输出的，而是要经过处理的，HTML是经过HTML解析器，而PHP也要通过PHP解析器，跟学习HTML一样的道理，想让任何的解析器工作，就必须使用它专用的语法结构。 学习PHP，你应该感到幸运，因为如果你学过其他语言，你就会发现PHP还是相对简单的，这一阶段，你要搞清楚HTML和PHP的概念，你现在完全可以让PHP给你算算一加一等于几，然后在浏览器输出。不要觉得幼稚，这虽然是很小的一段代码，但是对于你的编程之路，可是迈出了一大步。不过现在，你还是一个菜鸟。\r\n\t</p>\r\n\t<p>\r\n\t\t接下来就要学习<a href=\"http://database.php1.cn/\">数据库</a>了，MySQL可以说是PHP的黄金搭档，我们要征服这个<a href=\"http://database.php1.cn/\">数据库</a>，在你理解了<a href=\"http://database.php1.cn/\">数据库</a>的概念之后，就要尝试通过PHP来连接<a href=\"http://database.php1.cn/\">数据库</a>，进而会用PHP成功的插入，删除和更新数据。 这个时候，你可能会处于这种状态：你会HTML吗？会，我能编好几个表格排板的网页呢！你会PHP吗？会，我会把一加一的运算写在函数里，然后调用！你会MySQL吗？会，我可以把<a href=\"http://database.php1.cn/\">数据库</a>里的数据插入删除啦！ 那接下来该做什么呢？尝试着做个小的留言本吧，这同样是新手面临的一道关卡。花了一段时间，你终于学会把表单的数据插入<a href=\"http://database.php1.cn/\">数据库</a>，然后显示出来了，应该说一个程序的雏形已经诞生了。但是，你可能会看人家这个编论坛，那个开发CMS，我什么时候可以写一个呢？不要急，再巩固一下知识，熟悉了PHP和MySQL开发的要领后，再回头看你写的那个留言本，你也许会怀疑那真的是你写的吗？这个时候，你可以完善一下你写的留言本。留言本应该加入注册以及分页的功能，可以的话，UI也可以加强。\r\n\t</p>\r\n\t<p>\r\n\t\t这就算学会了吗？NO，NO，NO，还早呢，你到现在还没碰过OOP呢吧？那模板和<a href=\"http://www.php1.cn/category/97.html\">框架</a>呢？还要继续学习呀！PHP<a href=\"http://www.php1.cn/category/97.html\">框架</a>提供了一个用以构建web应用的基本<a href=\"http://www.php1.cn/category/97.html\">框架</a>，从而简化了用PHP编写web应用程序的流程。可以节省开发时间、有助于建立更稳定的应用。所以说，PHP<a href=\"http://www.php1.cn/category/97.html\">框架</a>是一个可以用来节省时间并强化自己代码的工具。当你第一次选择PHP<a href=\"http://www.php1.cn/category/97.html\">框架</a>时，建议多尝试几个，每个<a href=\"http://www.php1.cn/category/97.html\">框架</a>都有自己的长处和短处，例如Zend<a href=\"http://www.php1.cn/category/97.html\">框架</a>由于多样的功能、并且有一个广泛的支持系统，流行了很长时间。而CakePHP是一个晚于Zend的PHP<a href=\"http://www.php1.cn/category/97.html\">框架</a>，相应的支持系统也比较少，但是更为方便和易于使用。 了解了面向对象和<a href=\"http://www.php1.cn/category/97.html\">框架</a>后，你应该接触一下XML了，总而言之，你绝对不会发现你全部都学会了，学无止境！学东西，永远不要妄想有速成这一说，技巧再多，但是缺少努力，那也是白搭。有一点可以保证，就是你学会了PHP，那么再学其它语言，肯定速成，反过来也一样，如果你之前学过其它的语言，那么学PHP肯定快。 多借鉴别人成功的代码，绝对是有益无害，所以要多看那些经过千锤百炼凝出来的经典代码，是进步的最好方法。另外，要强调的是，学习一项技术过程中可能会遇到困难，可能会迷茫，你也许学了一半的PHP，又开始打C#的主意，或者有人说Java很好，这个时候你绝对不能动摇，要坚持到底，彻底学会。祝你顺利学成PHP，开发自己想要的网站。\r\n\t</p>\r\n\t<p>\r\n\t\t最后，分享10条PHP性能优化的小技巧，帮助你更好的用PHP开发：\r\n\t</p>\r\n\t<p>\r\n\t\t<strong>1. foreach效率更高，尽量用foreach代替while和for循环。</strong> \r\n\t</p>\r\n\t<p>\r\n\t\t<strong>2. 循环内部不要声明变量，尤其是对象这样的变量。</strong> \r\n\t</p>\r\n\t<p>\r\n\t\t<strong>3. 在多重嵌套循环中，如有可能，应当将最长的循环放在内层，最短循环放在外层，从而减少cpu跨循环层的次数，优化程序性能。</strong> \r\n\t</p>\r\n\t<div>\r\n\t</div>\r\n\t<p>\r\n\t\t<strong>4. 用单引号替代双引号引用字符串以实现PHP性能优化。</strong> \r\n\t</p>\r\n\t<p>\r\n\t\t<strong>5. 用i+=1代替i=i+1。符合c/c++的习惯，效率还高。</strong> \r\n\t</p>\r\n\t<p>\r\n\t\t<strong>6. 优化Select SQL语句，在可能的情况下尽量少的进行Insert、Update操作，达到PHP性能优化的目的。</strong> \r\n\t</p>\r\n\t<p>\r\n\t\t<strong>7. 尽量的少进行文件操作，虽然PHP的文件操作效率也不低的。</strong> \r\n\t</p>\r\n\t<p>\r\n\t\t<strong>8. 尽可能的使用PHP内部函数。</strong> \r\n\t</p>\r\n\t<p>\r\n\t\t<strong>9. 在可以用PHP内部字符串操作函数的情况下，不要用正则表达式。</strong> \r\n\t</p>\r\n\t<p>\r\n\t\t<strong>10. 在可以用file_get_contents替代file、fopen、feof、fgets等系列方法的情况下，尽量用 file_get_contents，因为它的效率高得多。但是要注意file_get_contents在打开一个URL文件时候的PHP版本问题。</strong> \r\n\t</p>\r\n</div>\r\n<p>\r\n\t<br />\r\n</p>\r\n<p>\r\n\t<br />\r\n</p>',1457855680,0),(14,24,'<p>\r\n\t<p style=\"text-indent:28px;font-size:14px;text-align:justify;color:#2B2B2B;font-family:simsun, arial, helvetica, clean, sans-serif;background-color:#FFFFFF;\">\r\n\t\t还有不到一个月的时间，2017 WWDC大会就会正式开幕了。在这场大会上，iOS 11无疑会是很多人关注的焦点之一。那么你对今年的iOS 11有什么期待呢？国外某苹果用户列出的，希望iOS 11可以增加的新功能和特性，与你期望的是否有重合之处？\r\n\t</p>\r\n\t<p style=\"text-indent:28px;font-size:14px;text-align:justify;color:#2B2B2B;font-family:simsun, arial, helvetica, clean, sans-serif;background-color:#FFFFFF;\">\r\n\t\t暗黑模式\r\n\t</p>\r\n\t<p style=\"text-indent:28px;font-size:14px;text-align:justify;color:#2B2B2B;font-family:simsun, arial, helvetica, clean, sans-serif;background-color:#FFFFFF;\">\r\n\t\t自iOS 7设计风格出现变化之后，用户要求该移动操作系统增加暗黑模式的呼声越来越高。去年Apple TV中已经加入了暗黑模式。而消息称今年iPhone 8将会使用OLED屏幕。如果iOS系统增加暗黑模式，这种屏幕将会更加节能。因此iOS 11增加暗黑模式的可能性还是很高的。\r\n\t</p>\r\n\t<p style=\"text-indent:28px;font-size:14px;text-align:justify;color:#2B2B2B;font-family:simsun, arial, helvetica, clean, sans-serif;background-color:#FFFFFF;\">\r\n\t\t除了暗黑模式之外，如果有完整的ThemeKit套件，给用户提供一系列的色彩和界面选择，相信会更好吧。\r\n\t</p>\r\n\t<p style=\"text-indent:28px;font-size:14px;text-align:justify;color:#2B2B2B;font-family:simsun, arial, helvetica, clean, sans-serif;background-color:#FFFFFF;\">\r\n\t\tSiri与系统的融合应该更深入\r\n\t</p>\r\n\t<p class=\"detailPic\" style=\"text-indent:28px;font-size:14px;text-align:center;color:#2B2B2B;font-family:simsun, arial, helvetica, clean, sans-serif;background-color:#FFFFFF;\">\r\n\t\t<img src=\"http://p0.ifengimg.com/pmop/2017/0510/8B4C976ED54218515B578A1E592DDC183381772C_size22_w600_h313.jpeg\" style=\"height:auto;\" />\r\n\t</p>\r\n\t<p style=\"text-indent:28px;font-size:14px;text-align:justify;color:#2B2B2B;font-family:simsun, arial, helvetica, clean, sans-serif;background-color:#FFFFFF;\">\r\n\t\tSiri已经能够读懂“记住这点”指令了，iOS 11中给它增加“共享/发送这个”、“读出/说出这个”、“保存/打印这个”等所有类似实用指令不是更好吗？另外目前在Siri中，用户给Siri发出指令之后，还可以编辑它的文字。那苹果为何不直接增加一个文字输入指令的功能，用户在不方便通过语音给Siri发送指令时，就可以直接输入文字指令。\r\n\t</p>\r\n\t<p style=\"text-indent:28px;font-size:14px;text-align:justify;color:#2B2B2B;font-family:simsun, arial, helvetica, clean, sans-serif;background-color:#FFFFFF;\">\r\n\t\t在信息、备忘录或者任何应用中，只要用户输入\\siri（或者任何其他代码）以及指令或问题的内容，Siri能够即刻执行指令或者回答问题，无需切换应用或者切换到指定的环境下。这不是更好吗？\r\n\t</p>\r\n\t<p style=\"text-indent:28px;font-size:14px;text-align:justify;color:#2B2B2B;font-family:simsun, arial, helvetica, clean, sans-serif;background-color:#FFFFFF;\">\r\n\t\t重置默认应用，让iPhone服务得到最好体验\r\n\t</p>\r\n\t<p class=\"detailPic\" style=\"text-indent:28px;font-size:14px;text-align:center;color:#2B2B2B;font-family:simsun, arial, helvetica, clean, sans-serif;background-color:#FFFFFF;\">\r\n\t\t<img src=\"http://p0.ifengimg.com/pmop/2017/0510/D7D2DC2C90C725CFB6EACAB6F826E5E5C23C22E7_size22_w600_h323.jpeg\" style=\"height:auto;\" />\r\n\t</p>\r\n\t<p style=\"text-indent:28px;font-size:14px;text-align:justify;color:#2B2B2B;font-family:simsun, arial, helvetica, clean, sans-serif;background-color:#FFFFFF;\">\r\n\t\t过去的观点认为默认应用会让系统变得更复杂。但是在iOS 11中苹果可以让人们改变这种观点，增加默认应用的吸引力，带来一流的iPhone和iPad体验即可。\r\n\t</p>\r\n\t<p style=\"text-indent:28px;font-size:14px;text-align:justify;color:#2B2B2B;font-family:simsun, arial, helvetica, clean, sans-serif;background-color:#FFFFFF;\">\r\n\t\t也许未来人工智能变得更“聪明”，可以学习各种人类行为习惯，这种硬性的默认设置就不再需要了。人工智能可以预测用户什么时候需要通过邮件应用去打开个人iCloud，工作时什么时候需要Outlook，娱乐时什么时候需要Gmail等。\r\n\t</p>\r\n\t<p style=\"text-indent:28px;font-size:14px;text-align:justify;color:#2B2B2B;font-family:simsun, arial, helvetica, clean, sans-serif;background-color:#FFFFFF;\">\r\n\t\tiPad支持的手势操作更丰富一点\r\n\t</p>\r\n\t<p class=\"detailPic\" style=\"text-indent:28px;font-size:14px;text-align:center;color:#2B2B2B;font-family:simsun, arial, helvetica, clean, sans-serif;background-color:#FFFFFF;\">\r\n\t\t<img src=\"http://p0.ifengimg.com/pmop/2017/0510/BEB16A3CD9D8D465B03048AD6AE91A6E9E069B46_size29_w600_h321.jpeg\" style=\"height:auto;\" />\r\n\t</p>\r\n\t<p style=\"text-indent:28px;font-size:14px;text-align:justify;color:#2B2B2B;font-family:simsun, arial, helvetica, clean, sans-serif;background-color:#FFFFFF;\">\r\n\t\tiOS 9中增加的分屏应用、键盘优化等，让iPad获得了重生。iOS 10中没有什么特别针对iPad优化的功能，可是在iOS 11中苹果可以增加的功能就很多了，比如拖放。用户可以在一个视图下抓取内容，然后再将它放到另一个视图下。\r\n\t</p>\r\n\t<p style=\"text-indent:28px;font-size:14px;text-align:justify;color:#2B2B2B;font-family:simsun, arial, helvetica, clean, sans-serif;background-color:#FFFFFF;\">\r\n\t\tiOS是一个支持直接操作的多点触控系统，如果它支持用户抓取内容、多指捏缩返回Home屏幕，打开另一款应用，把抓取的内容放进去，然后再抓取其他内容，多指轻扫，再把内容也放进去，这样的操作也很好吧。\r\n\t</p>\r\n\t<p style=\"text-indent:28px;font-size:14px;text-align:justify;color:#2B2B2B;font-family:simsun, arial, helvetica, clean, sans-serif;background-color:#FFFFFF;\">\r\n\t\tiPhone上也该有CarPlay和AppleTV\r\n\t</p>\r\n\t<p class=\"detailPic\" style=\"text-indent:28px;font-size:14px;text-align:center;color:#2B2B2B;font-family:simsun, arial, helvetica, clean, sans-serif;background-color:#FFFFFF;\">\r\n\t\t<img src=\"http://p0.ifengimg.com/pmop/2017/0510/D3477C0DD94A6132D4E12DC7609A76C1769FD6DF_size26_w600_h356.jpeg\" style=\"height:auto;\" />\r\n\t</p>\r\n\t<p style=\"text-indent:28px;font-size:14px;text-align:justify;color:#2B2B2B;font-family:simsun, arial, helvetica, clean, sans-serif;background-color:#FFFFFF;\">\r\n\t\t之前我问经销商，我的车能不能升级安装CarPlay，他说买个新车型就可以。就在那一刻我的脑海里一闪而过的是：既然我的iPhone屏幕已经够大了，而且我也可以把iPhone放到仪表盘那里，为什么车里还需要一个CarPlay屏幕。也许和汽车内置的CarPlay相比，它无法深度整合信息娱乐，但是汽车和iPhone的组合至少也是聊胜于无。\r\n\t</p>\r\n\t<p style=\"text-indent:28px;font-size:14px;text-align:justify;color:#2B2B2B;font-family:simsun, arial, helvetica, clean, sans-serif;background-color:#FFFFFF;\">\r\n\t\tApple TV也一样，这个小小的机顶盒产品是挺不错的，但我更希望苹果能推出HDMI产品再支持用户直接从iPhone流放视频。这样用户不管身处何地只要有iPhone，他们就可以观看想看的内容。当然我们不能要求iOS复制Apple TV上的所有功能，只要有部分功能就已经够用。\r\n\t</p>\r\n\t<p style=\"text-indent:28px;font-size:14px;text-align:justify;color:#2B2B2B;font-family:simsun, arial, helvetica, clean, sans-serif;background-color:#FFFFFF;\">\r\n\t\t保护照片、信息以及所有个人敏感信息\r\n\t</p>\r\n\t<p class=\"detailPic\" style=\"text-indent:28px;font-size:14px;text-align:center;color:#2B2B2B;font-family:simsun, arial, helvetica, clean, sans-serif;background-color:#FFFFFF;\">\r\n\t\t<img src=\"http://p0.ifengimg.com/pmop/2017/0510/3E5076FE3BFF654FF19044BE2F6AF62F69E02BAC_size14_w600_h317.jpeg\" style=\"height:auto;\" />\r\n\t</p>\r\n\t<p style=\"text-indent:28px;font-size:14px;text-align:justify;color:#2B2B2B;font-family:simsun, arial, helvetica, clean, sans-serif;background-color:#FFFFFF;\">\r\n\t\t我不使用iCloud Keychain，因为无法选择认证方式。如果我把iPhone借给别人打个电话、上网查点信息，或者是等人无聊时借他人使用，那就相当于我把自己所有密码和信用卡信息都给了对方。密码管理、银行应用、存储空间供应商等第三方应用在打开前，都要求用户进行认证，怎么iOS自带的应用却做不到这一点。\r\n\t</p>\r\n\t<p style=\"text-indent:28px;font-size:14px;text-align:justify;color:#2B2B2B;font-family:simsun, arial, helvetica, clean, sans-serif;background-color:#FFFFFF;\">\r\n\t\t去年苹果给备忘录应用增加了密码功能，但仅限于这款应用。此前有分析认为苹果可以在iOS中加入GuestBoard，它将仅支持浏览器和电话应用。作为一名用户，我只希望手机借给别人使用时，不用担心对方会看到一些我不希望对方看到的信息，或者是进行一些我不喜欢的操作。我想在这方面，只要苹果愿意，他们一定能够做得很好。\r\n\t</p>\r\n\t<p style=\"text-indent:28px;font-size:14px;text-align:justify;color:#2B2B2B;font-family:simsun, arial, helvetica, clean, sans-serif;background-color:#FFFFFF;\">\r\n\t\tApple Pay该添加P2P了\r\n\t</p>\r\n\t<p class=\"detailPic\" style=\"text-indent:28px;font-size:14px;text-align:center;color:#2B2B2B;font-family:simsun, arial, helvetica, clean, sans-serif;background-color:#FFFFFF;\">\r\n\t\t<img src=\"http://p0.ifengimg.com/pmop/2017/0510/1E9DFAEEEF5E9AA39B8177D9FE6FE08581D0EB6C_size14_w600_h352.jpeg\" style=\"height:auto;\" />\r\n\t</p>\r\n\t<p style=\"text-indent:28px;font-size:14px;text-align:justify;color:#2B2B2B;font-family:simsun, arial, helvetica, clean, sans-serif;background-color:#FFFFFF;\">\r\n\t\t我生活的地方Apple Pay覆盖率不错，方圆5英里之内我可以在任何一家便利店、百货商店或者苹果零售店中使用Apple Pay。可是最让我沮丧的是，我竟然不能通过Apple Pay给坐在我旁边的人转账。此前有消息称苹果正在开发Apple Pay的P2P功能。\r\n\t</p>\r\n\t<p style=\"text-indent:28px;font-size:14px;text-align:justify;color:#2B2B2B;font-family:simsun, arial, helvetica, clean, sans-serif;background-color:#FFFFFF;\">\r\n\t\t据媒体报道，苹果方面已在和可能的P2P支付服务和支付行业公司进行谈判了，Apple Pay对P2P支付的支持可能会在今年实现，虽然该传闻在Apple Pay发布之初就有了，但至今仍旧没有相关的产品和服务发布。同时，苹果公司也会在今年晚些时候为Apple Pay增添用户间转账的新功能，这就意味着，使用iOS设备的用户之间可以自由的进行转账服务了。\r\n\t</p>\r\n\t<p style=\"text-indent:28px;font-size:14px;text-align:justify;color:#2B2B2B;font-family:simsun, arial, helvetica, clean, sans-serif;background-color:#FFFFFF;\">\r\n\t\t你希望苹果在iOS 11中加入什么新的功能？或者在上文列出的新特性中，你认为哪个新特性应该尽早加入新系统之中？\r\n\t</p>\r\n</p>\r\n<p>\r\n\t<br />\r\n</p>',1457856460,0),(15,25,'123123',1467394957,0),(16,26,'12312',1493569270,0),(17,27,'<img src=\"/upload/2017/05/01/5906166106d51.jpg\" alt=\"\" /><img src=\"/upload/2017/05/01/59061662a4b4a.jpg\" alt=\"\" /><img src=\"/upload/2017/05/01/5906167600f91.png\" alt=\"\" />',1493571206,0);

#
# Structure for table "cms_position"
#

CREATE TABLE `cms_position` (
  `id` smallint(5) unsigned NOT NULL AUTO_INCREMENT,
  `name` char(30) NOT NULL DEFAULT '',
  `status` tinyint(1) NOT NULL DEFAULT '1',
  `description` char(100) DEFAULT NULL,
  `create_time` int(10) unsigned NOT NULL DEFAULT '0',
  `update_time` int(10) unsigned NOT NULL DEFAULT '0',
  PRIMARY KEY (`id`)
) ENGINE=MyISAM AUTO_INCREMENT=13 DEFAULT CHARSET=utf8;

#
# Data for table "cms_position"
#

INSERT INTO `cms_position` VALUES (3,'小图推荐',1,'小图推荐位',1456665873,0),(5,'右侧广告位',1,'右侧广告位',1457873143,0),(12,'大图推荐',1,'大图推荐位',1467784467,0);

#
# Structure for table "cms_position_content"
#

CREATE TABLE `cms_position_content` (
  `id` smallint(5) unsigned NOT NULL AUTO_INCREMENT,
  `position_id` int(5) unsigned NOT NULL,
  `title` varchar(30) NOT NULL DEFAULT '',
  `thumb` varchar(100) NOT NULL DEFAULT '',
  `url` varchar(100) DEFAULT NULL,
  `news_id` mediumint(8) unsigned NOT NULL,
  `listorder` tinyint(3) unsigned NOT NULL DEFAULT '0',
  `status` tinyint(1) NOT NULL DEFAULT '1',
  `create_time` int(10) unsigned NOT NULL DEFAULT '0',
  `update_time` int(10) unsigned NOT NULL DEFAULT '0',
  PRIMARY KEY (`id`)
) ENGINE=MyISAM AUTO_INCREMENT=45 DEFAULT CHARSET=utf8;

#
# Data for table "cms_position_content"
#

INSERT INTO `cms_position_content` VALUES (32,5,'\r\nAndroid开发视频教程_Android开发基础教程','./upload/2016/07/06/577d0ffd82d69.jpg','http://www.imooc.com/course/list?c=android',0,0,1,1457873220,0),(33,5,'\r\nAndroid开发视频教程_Android开发基础教程','./upload/2016/07/06/577d0fe768caa.jpg','http://www.imooc.com/course/list?c=android',0,0,1,1457873435,0),(35,3,'苹果iOS 11愿望大清单：增加暗黑模式如何？','./upload/2016/07/06/577d0ee461c32.png','',24,5,1,1457855362,0),(38,12,'PHP开发的发展现状和前景','./upload/2016/07/06/577d0e634a2ec.gif','',22,0,1,1467784496,0),(40,3,'适用于PHP初学者的学习线路和建议','./upload/2016/07/06/577d0ef1e7594.png','',23,10,1,1467784918,0),(41,3,'谷歌公开其神秘操作系统 或将取代安卓','./upload/2016/07/06/577d0ed864f7d.png','',21,6,1,1467784918,0),(42,5,'\r\nAndroid开发视频教程_Android开发基础教程','./upload/2016/07/06/577d100d7c4f5.jpg','http://www.imooc.com/course/list?c=android',0,0,1,1467813921,0),(43,5,'\r\nAndroid开发视频教程_Android开发基础教程','./upload/2016/07/06/577d102ca949f.jpg','http://www.imooc.com/course/list?c=android',0,0,1,1467813936,0),(44,5,'\r\nAndroid开发视频教程_Android开发基础教程','./upload/2016/07/06/577d1042cec4c.jpg','http://www.imooc.com/course/list?c=android',0,0,1,1467813958,0);
